I want to eat Chinese today, food
I want to eat Indian today, food
I want to eat Italian today, food
I want to eat Mexican today, food
Show me Chinese restaurants, food
Show me Indian restaurants, food
Show me Italian restaurants, food
Show me Mexican restaurants, food
Chinese cuisine, food
Indian cuisine, food
Italian cuisine, food
Mexican cuisine, food
medium priced, price
moderate priced, price
Tell me about Chinese restaurants around, food
Tell me about Indian restaurants around, food
Tell me about Italian restaurants around, food
Tell me about Mexican restaurants around, food
I want Chinese food, food
I want Indian food, food
I want Italian food, food
I want Mexican food, food
I want Chinese food for lunch, food
I want Indian food for lunch, food
I want Italian food for lunch, food
I want Mexican food for lunch, food
I want cheap food, price
I want cheap food, price
I want cheap food, price
I want cheap food, price
find me cheap restaurants, price
find me cheap restaurants, price
find me cheap restaurants, price
find me cheap restaurants, price
I want a restaurant around bakersfield, location
I want a restaurant around downtown, location
I want a restaurant around koreatown, location
I want a restaurant around university, location
Find restaurants in bakersfield, location
Find restaurants in downtown, location
Find restaurants in koreatown, location
Find restaurants in university, location
I want to eat in bakersfield, location
I want to eat in downtown, location
I want to eat in koreatown, location
I want to eat in university, location
Some place around bakersfield, location
Some place around downtown, location
Some place around koreatown, location
Some place around university, location
Some good Indian food is all I need, food
Some good Italian food is all I need, food
Some good Chinese food is all I need, food
Some good Mexican food is all I need, food
Indian food, food
Italian food, food
Chinese food, food
Mexican food, food
Indian restaurants, food
Italian restaurants, food
Chinese restaurants, food
Mexican restaurants, food
Indian restaurants around, food
Italian restaurants around, food
Chinese restaurants around, food
Mexican restaurants around, food
The best Indian restaurants around, food
The best Italian restaurants around, food
The best Chinese restaurants around, food
The best Mexican restaurants around, food
Show me Mexican restaurants around, food
Show me Indian restaurants around, food
Show me Italian restaurants around, food
Show me Chinese restaurants around, food
Tell me about Chinese restaurants, food
Tell me about Indian restaurants, food
Tell me about Mexican restaurants, food
Tell me about Italian restaurants, food
Show me Indian restaurants, food
Show me Chinese restaurants, food
Show me Mexican restaurants, food
Show me Italian restaurants, food
Tell me about good Italian resturants, food
Tell me about good Indian resturants, food
Tell me about good Chinese resturants, food
Tell me about good Mexican resturants, food
I want to eat Mexican, food
I want to eat Indian, food
I want to eat Chinese, food
I want to eat Italian, food
I'm in a mood for some Indian food today, food
I'm in a mood for some Chinese food today, food
I'm in a mood for some Italian food today, food
I'm in a mood for some Mexican food today, food
great Chinese places, food
great Indian places, food
great Italian places, food
great Mexican places, food
good Chinese places, food
good Indian places, food
good Italian places, food
good Mexican places, food
Chinese places around, food
Indian places around, food
Italian places around, food
Mexican places around, food
Chinese places around me, food
Indian places around me, food
Italian places around me, food
Mexican places around me, food
I wish to eat some cheap food, price
I wish to eat some costly food, price
I wish to eat some expensive food, price
I wish to eat some inexpensive food, price
Best medium priced restaurants, price
Best cheap restaurants, price
Best costly restaurants, price
Best expensive restaurants, price
Best inexpensive restaurants, price
Expensive restaurants around, price
Cheap restaurants around, price
Costly restaurants around, price
Inexpensive restaurants around, price
Medium priced restaurants around, price
Moderate priced restaurants around, price
Tell me about costly restaurants, price
Tell me about cheap restaurants, price
Tell me about expensive restaurants, price
Tell me about inexpensive restaurants, price
Tell me about medium priced restaurants, price
Cheap restaurants around, price
Costly restaurants around, price
Expensive restaurants around, price
Inexpensive restaurants around, price
Moderate priced restaurants around, price
Medium priced restaurants around, price
Cheap food joints around, price
Costly food joints around, price
Expensive food joints around, price
Inexpensive food joints around, price
Moderate priced food joints around, price
Medium priced food joints around, price
I would like some cheap food, price
I would like some costly food, price
I would like some expensive food, price
I would like some inexpensive food, price
I would like some medium priced food, price
Good restaurants in university, location
Good restaurants in bakersfield, location
Good restaurants in downtown, location
Good restaurants in koreatown, location
Good restaurants around university, location
Good restaurants around bakersfield, location
Good restaurants around downtown, location
Good restaurants around koreatown, location
restaurants in university, location
restaurants in bakersfield, location
restaurants in downtown, location
restaurants in koreatown, location
restaurants around university, location
restaurants around bakersfield, location
restaurants around downtown, location
restaurants around koreatown, location
Some restaurants near university, location
Some restaurants near bakersfield, location
Some restaurants near downtown, location
Some restaurants near koreatown, location
Some well known restaurants at university, location
Some well known restaurants at bakersfield, location
Some well known restaurants at downtown, location
Some well known restaurants at koreatown, location
Restaurants at university, location
Restaurants at bakersfield, location
Restaurants at downtown, location
Restaurants at koreatown, location